"MERE THE LIMES",,,,,,,,,,,,
Grid ref,ST808323,Long,-2.275521,Lat,51.089687,,,,,,,
Station no,,,,,,,,,,,,
,,,,,,,,,,,,
,1900,1901,1902,1903,1904,1905,1906,1907,1908,1909,,
January,,,,,3.90,0.99,2.62,0.74,2.05,1.81,,
February,,,,,4.75,1.08,5.19,2.15,2.09,0.92,,
March,,,,,1.59,4.75,2.07,0.85,3.84,4.66,,
April,,,,,1.75,2.20,1.45,4.26,0.82,2.16,,
May,,,,,3.89,0.75,,1.87,3.24,1.18,,
June,,,,,0.62,2.10,-999.00,2.34,0.45,3.47,,
July,,,,,3.27,0.94,1.51,1.02,2.99,3.61,,
August,,,,,3.67,4.00,2.02,3.83,2.96,2.57,,
September,,,,,2.74,2.92,1.25,0.76,2.79,3.59,,
October,,,,,3.03,1.05,6.11,8.00,2.22,5.69,,
November,,,,,2.75,4.61,3.76,4.46,1.65,0.98,,
December,,,,,3.35,1.23,2.38,5.51,3.02,5.09,,
Total,,,,,35.31,26.62,35.40,35.79,28.12,35.73,,
Calc annual,0.00,0.00,0.00,0.00,35.31,26.62,28.36,35.79,28.12,35.73,,
Difference,NaN,NaN,NaN,NaN,0.00,0.00,7.04,-0.00,0.00,-0.00,,
